file_name,mfcc_feature1,mfcc_feature2,mfcc_feature3,mfcc_feature4,mfcc_feature5,mfcc_feature6,mfcc_feature7,mfcc_feature8,mfcc_feature9,mfcc_feature10,mfcc_feature11,mfcc_feature12,mfcc_feature13,mfcc_feature14,mfcc_feature15,mfcc_feature16,mfcc_feature17,mfcc_feature18,mfcc_feature19,mfcc_feature20,mfcc_feature21,mfcc_feature22,mfcc_feature23,mfcc_feature24,mfcc_feature25,mfcc_feature26,mfcc_feature27,mfcc_feature28,mfcc_feature29,mfcc_feature30,mfcc_feature31,mfcc_feature32,mfcc_feature33,mfcc_feature34,mfcc_feature35,mfcc_feature36,mfcc_feature37,mfcc_feature38,mfcc_feature39
swedish4.mp3,-295.1368103027344,69.77240753173828,3.775681734085083,39.351192474365234,-1.443910837173462,12.909846305847168,-6.823179244995117,5.405805587768555,-16.720443725585938,13.473090171813965,-16.20473289489746,17.109203338623047,-14.166059494018555,-5.498662858371972e-08,0.0,8.591660716206206e-09,-3.4366642864824826e-09,1.2028325002688689e-08,-3.4366642864824826e-09,-3.4366642864824826e-09,1.7183321432412413e-09,-3.4366642864824826e-09,0.0,6.0141625013443445e-09,3.4366642864824826e-09,-8.591660716206206e-10,-3.952163751819171e-08,-9.450826787826827e-09,1.245790759440979e-08,-5.584579465534034e-09,-6.0141625013443445e-09,5.154996429723724e-09,1.7183321432412413e-09,-3.0070812506721722e-09,4.081038618153343e-09,-2.1479151790515516e-10,-3.2218727685773274e-09,2.577498214861862e-09,2.792289732767017e-09
