file_name,mfcc_feature1,mfcc_feature2,mfcc_feature3,mfcc_feature4,mfcc_feature5,mfcc_feature6,mfcc_feature7,mfcc_feature8,mfcc_feature9,mfcc_feature10,mfcc_feature11,mfcc_feature12,mfcc_feature13,mfcc_feature14,mfcc_feature15,mfcc_feature16,mfcc_feature17,mfcc_feature18,mfcc_feature19,mfcc_feature20,mfcc_feature21,mfcc_feature22,mfcc_feature23,mfcc_feature24,mfcc_feature25,mfcc_feature26,mfcc_feature27,mfcc_feature28,mfcc_feature29,mfcc_feature30,mfcc_feature31,mfcc_feature32,mfcc_feature33,mfcc_feature34,mfcc_feature35,mfcc_feature36,mfcc_feature37,mfcc_feature38,mfcc_feature39
spanish86_cloned.mp3,-253.36851501464844,135.1284637451172,-7.4596967697143555,32.95785903930664,-7.852260589599609,0.9687930941581726,-17.303911209106445,-11.52042293548584,-19.510910034179688,-8.428149223327637,-2.9324917793273926,-8.193912506103516,-7.610946178436279,0.20301629602909088,0.1196347028017044,0.006253406871110201,0.007022128906100988,-0.02021169848740101,0.003891985397785902,-0.002232695696875453,-0.011836006306111813,-0.02875560335814953,-0.015708113089203835,-0.010046384297311306,0.0016450962284579873,-0.0038983377162367105,-0.003353065112605691,-0.008622425608336926,0.003940622787922621,-0.006153494585305452,-0.016464117914438248,-0.0026448413264006376,0.005179128609597683,0.014702141284942627,0.0040853312239050865,0.0046295225620269775,0.0030377248767763376,-0.002508854493498802,-0.0026063676923513412
