file_name,mfcc_feature1,mfcc_feature2,mfcc_feature3,mfcc_feature4,mfcc_feature5,mfcc_feature6,mfcc_feature7,mfcc_feature8,mfcc_feature9,mfcc_feature10,mfcc_feature11,mfcc_feature12,mfcc_feature13,mfcc_feature14,mfcc_feature15,mfcc_feature16,mfcc_feature17,mfcc_feature18,mfcc_feature19,mfcc_feature20,mfcc_feature21,mfcc_feature22,mfcc_feature23,mfcc_feature24,mfcc_feature25,mfcc_feature26,mfcc_feature27,mfcc_feature28,mfcc_feature29,mfcc_feature30,mfcc_feature31,mfcc_feature32,mfcc_feature33,mfcc_feature34,mfcc_feature35,mfcc_feature36,mfcc_feature37,mfcc_feature38,mfcc_feature39
speechify_cloned_voice_President Biden Discusses Shrinkflation_2024-04-19_17-39-27.mp3,-220.30740356445312,135.3833770751953,5.8208537101745605,23.273651123046875,3.68235182762146,7.251544952392578,-2.6468899250030518,0.544475257396698,-9.50278377532959,5.354122161865234,-5.980806827545166,8.152738571166992,-3.0648927688598633,-0.13776181638240814,-0.08704330027103424,0.02015150524675846,0.005521299317479134,-0.0016276410315185785,0.0038335940334945917,0.007536997087299824,0.00990389846265316,0.002730641281232238,-0.01134524866938591,-0.013287789188325405,-0.0002760081260930747,0.00482350867241621,-0.040653493255376816,-0.019635647535324097,-0.0018924105679616332,-0.005670108832418919,0.0029155241791158915,0.0006846252945251763,-0.0018591397674754262,-1.7655820556683466e-05,0.00948294997215271,0.005104775074869394,-0.00038787530502304435,0.00028790533542633057,0.002648698166012764
