file_name,mfcc_feature1,mfcc_feature2,mfcc_feature3,mfcc_feature4,mfcc_feature5,mfcc_feature6,mfcc_feature7,mfcc_feature8,mfcc_feature9,mfcc_feature10,mfcc_feature11,mfcc_feature12,mfcc_feature13,mfcc_feature14,mfcc_feature15,mfcc_feature16,mfcc_feature17,mfcc_feature18,mfcc_feature19,mfcc_feature20,mfcc_feature21,mfcc_feature22,mfcc_feature23,mfcc_feature24,mfcc_feature25,mfcc_feature26,mfcc_feature27,mfcc_feature28,mfcc_feature29,mfcc_feature30,mfcc_feature31,mfcc_feature32,mfcc_feature33,mfcc_feature34,mfcc_feature35,mfcc_feature36,mfcc_feature37,mfcc_feature38,mfcc_feature39
tagalog12.mp3,-352.7947998046875,85.69989013671875,3.3410658836364746,22.898197174072266,0.30934566259384155,4.346153736114502,-9.252878189086914,-9.979354858398438,-21.90989875793457,-3.918553352355957,-11.546854972839355,-7.266760349273682,-11.687954902648926,0.012199503369629383,-0.0037108208052814007,-0.0033934065140783787,0.005673027131706476,-0.0017196073895320296,-0.0016459559556096792,0.0027064711321145296,0.004525344353169203,-0.0053885504603385925,0.0030427665915340185,0.002635100856423378,-0.00041457958286628127,0.0076606664806604385,-0.012523610144853592,-0.0062957219779491425,-0.002532179933041334,-0.005389746744185686,-0.00348218553699553,-0.0022394941188395023,-0.000741459138225764,-0.0015128090744838119,0.001980851637199521,-0.001577705261297524,-0.0014669211814180017,0.0019318083068355918,0.0005055063520558178
