file_name,mfcc_feature1,mfcc_feature2,mfcc_feature3,mfcc_feature4,mfcc_feature5,mfcc_feature6,mfcc_feature7,mfcc_feature8,mfcc_feature9,mfcc_feature10,mfcc_feature11,mfcc_feature12,mfcc_feature13,mfcc_feature14,mfcc_feature15,mfcc_feature16,mfcc_feature17,mfcc_feature18,mfcc_feature19,mfcc_feature20,mfcc_feature21,mfcc_feature22,mfcc_feature23,mfcc_feature24,mfcc_feature25,mfcc_feature26,mfcc_feature27,mfcc_feature28,mfcc_feature29,mfcc_feature30,mfcc_feature31,mfcc_feature32,mfcc_feature33,mfcc_feature34,mfcc_feature35,mfcc_feature36,mfcc_feature37,mfcc_feature38,mfcc_feature39
President Biden Discusses Shrinkflation.mp3,-348.4000244140625,108.13955688476562,17.80487060546875,21.882707595825195,1.5886250734329224,8.21730899810791,0.47183138132095337,2.035135269165039,-5.4045538902282715,3.0004522800445557,-1.7386062145233154,3.9872093200683594,-1.3786811828613281,-0.021739087998867035,-0.05816119536757469,-0.01607382670044899,-0.010261747986078262,-0.0186061579734087,0.0019627283327281475,0.003988722339272499,0.006903319153934717,0.001842693891376257,0.006054960656911135,0.0008976098033599555,0.0009854752570390701,0.0018317806534469128,-0.05398949980735779,-0.015618775971233845,-0.002615218283608556,-0.010852133855223656,-0.0016369718359783292,-0.004492748063057661,0.0009035056573338807,0.001894368906505406,0.0026721807662397623,-0.0004675326345022768,0.0025669715832918882,-0.0017471788451075554,0.0036799635272473097
